id,game_version,rva,status,name,source,notes
1000,1.5.1164953,0x0071A5A4,verified,lua_pcall,kcdx-engine@c5e48db,"CryEngine-bundled Lua 5.1 lua_pcall(lua_State* L, int nargs, int nresults, int errfunc). __fastcall(rcx=L, edx=nargs, r8d=nresults, r9d=errfunc). kcdx engine hooks this in production via src/hooks.cpp:37 + 257; pattern '48 89 5C 24 ? 57 48 83 EC 40 33 C0 41 8B F8'."
1001,1.5.1164953,0x00667B24,verified,CGame_Update,kcdx-engine@c5e48db,"CGame::Update(haveFocus, updateFlags) — per-frame engine tick. __fastcall(rcx=IGame*, edx=haveFocus, r8d=updateFlags). kcdx engine hooks this in production via src/hooks.cpp:38 + 258. Main-thread by construction. Pattern is the 81-byte canonical CGame::Update prologue from yobson1."
1002,1.5.1164953,0x03993898,verified,luaL_loadfile,yobson1/kcd2lua@fbe0080,"luaL_loadfile(lua_State* L, const char* filename) -> int. __fastcall(rcx=L, rdx=filename). Called many times during boot as Scripts/**/*.lua load. Main thread. Live-verified by yobson1's shipping mod against KCD2 1.5. 50-byte pattern includes 0x240 stack-subtract literal."
1003,1.5.1164953,0x00865FB4,verified,CGame_per_frame_ui_pump,kcdx-test-cap03@c5e48db,"Per-tick UI/menu pump; direct callee of CGame::Update. __fastcall(rcx=this). Body has 5-iteration loop guarded by global flags; sets this->byte_at_0x2A2F. Used by test-plugins/cap-03-hook-lua_callback live-verified production. 25-byte sig is .text-unique; pattern '48 89 5C 24 08 48 89 74 24 10 57 48 83 EC 20 80 B9 C1 05 00 00 00 48 8B D9'."
1004,1.5.1164953,0x0056174C,verified,outfit_swap_callsite_aob,mempatch@v0.4,"Inner mid-function site for the outfit-swap-in-combat patch (offset +13 is the 'mov r14b, al' that becomes 'xor r14d, r14d'). NOT a function entry — site is in the middle of the player-action handler that calls IsInCombat. Live-verified by shipping mempatch-plugins/outfit-swap-in-combat and kcdx examples. 16-byte canonical AOB; consider context extension when used as a sole locator."
1005,1.5.1164953,0x00561745,verified,outfit_swap_callsite_context,mempatch@v0.4,"Same site as outfit_swap_callsite_aob (id 1004) extended 7 bytes upward to include the call-into-IsInCombat sequence ('mov rcx, [rax+0x90]; ...'). 23 bytes. Use as a more uniquely-positioned anchor when the 16-byte AOB feels too short."
1006,1.5.1164953,0x005605BC,verified,IsInCombat_callsite_26b,kcdx-test-comp02@c5e48db,"26-byte sig for the IsInCombat() callsite prologue: 'mov rax, [rcx+8]; mov rcx, [rax+0x90]; add rcx, 0x0B60; mov rax, [rcx]; call qword ptr [rax+8]; cmp al, 2'. Pattern '48 8B 41 08 48 8B 88 90 00 00 00 48 81 C1 60 0B 00 00 48 8B 01 FF 50 08 3C 02'. Used by kcdx/examples/conflict-test-{hook-on-hook,hook-on-patch,patch-on-hook} as their hook target. RVA stored is the pattern-hit position; function entry is at RVA-4 (consumers using this as a function-entry anchor apply offset = -4, as in comp-02-hook-on-patch and the conflict-test mods). Live-verified by Phase 4b.3 conflict-matrix live tests."
1007,1.5.1164953,0x00566040,verified,IsInCombat_callsite_with_stack_frame,kcdx-test-comp03@c5e48db,"30-byte sig prefixed with 'sub rsp, 0x28' — a different call site to the same IsInCombat() vtable method from a calling routine with its own stack frame. Pattern '48 83 EC 28 48 8B 41 08 48 8B 88 90 00 00 00 48 81 C1 60 0B 00 00 48 8B 01 FF 50 08 3C 01' ends in `3C 01` (cmp al, 1), NOT `3C 02` (cmp al, 2). The `3C 02` variant is id 1006 at RVA 0x005605BC — two distinct call sites in WHGame.dll invoking the same IsInCombat() vtable slot but checking different combat-state thresholds (1 vs 2). Used by test-plugins/comp-03-hook-on-hook-A and -B for first-wins testing. Live-verified."
1008,1.5.1164953,0x0086AD99,verified,gEnv_pConsole_mov_instruction,muyuanjin/kcd2db@22b3cd1,"The 'mov rcx, [rip+pConsole]' instruction inside the autoexec-executor function. RVA derived by muyuanjin's three-step resolver: (1) find 'exec autoexec.cfg' string in .rdata; (2) scan .text for any `48 8D 15 ? ? ? ?` LEA and check RIP-relative target == string address; (3) check 7 bytes preceding the matched LEA: if `4C 8B 92 18 01 00 00`, the MOV is at LEA-0x17 (V1.4+ layout, used by KCD2 1.5); else the MOV is at LEA-7 (older). pConsole_ptr_VA = MOV_VA + 7 + disp32(MOV+3..6); gEnv_VA = pConsole_ptr_VA - 0xA8. NOT a single-pattern AOB — must be resolved via the anchor (id 1011) at runtime. Live-verified by muyuanjin's shipping plugin against KCD2 1.4+. See _research/predecessor-sigs/muyuanjin-kcd2db/src/kcd2db.cpp."
1009,1.5.1164953,0x0492B8A8,verified,gEnv_pConsole,muyuanjin/kcd2db@22b3cd1,"Static pointer slot in .data: gEnv->pConsole. Read this 8-byte pointer to get IConsole*. RVA derived by following the RIP-relative disp32 from id 1008. Will move per game build — Address Library updates it. Subtract 0xA8 to get gEnv base (id 1010)."
1010,1.5.1164953,0x0492B800,verified,gEnv,muyuanjin/kcd2db@22b3cd1,"Static SSystemGlobalEnvironment instance base (gEnv). Derived as id 1009 RVA - 0xA8. Plugins read fields at known offsets: pScriptSystem (+0x28), pGame (+0x90), pConsole (+0xA8), etc. Live-verified by muyuanjin/kcd2db."
1011,1.5.1164953,0x04095E58,verified,string_exec_autoexec_cfg,muyuanjin/kcd2db@22b3cd1,"String literal 'exec autoexec.cfg' in .rdata. Single LEA xref in .text from inside the engine's autoexec executor. Use as the seed anchor when the gEnv resolver SIG needs to be re-derived after a game update — find this string, find its single LEA xref, walk backwards to the pConsole MOV. Lives in .rdata not .text — status reflects RVA stability for the lifetime of this game build."
2000,1.5.1164953,0x00B9A2B0,verified,IConsole_AddCommand,kcdx-phase7-dispatch-investigation@2026-05-20,"IConsole::AddCommand(const char* sCommand, ConsoleCommandFunc func, int nFlags, const char* sHelp). __thiscall (rcx=IConsole*). Callback ABI: void __fastcall (IConsoleCmdArgs*). **vtable[33]** (NOT slot 32 — the canonical CryEngine ordering is swapped in this build). Originally recorded as slot 32 by the kcdx Phase 7 vtable-dump probe; corrected 2026-05-20 after Ghidra investigation showed slot 32 is the script-string overload. Three independent confirmations: (a) slot 33's body stores r8 raw at record [+0x20]; slot 32 runs r8 through CryString-assign at 0x1804f6ac8; (b) slot 33's duplicate-registration error says 'console command [%s] is already registered' while slot 32 says 'script command [%s] is already registered'; (c) the engine's own static wrapper at 0x180B99098 (used to register playerGoto / freeze / etc.) calls vtable[33] via [pConsole->vtable + 0x108]. Full evidence at _research/phase7-recon/DISPATCH-INVESTIGATION.md."
2001,1.5.1164953,0x0100955C,verified,IConsole_RemoveCommand,kcdx-phase7-probe@df56f86,"IConsole::RemoveCommand(const char* sName). __thiscall. vtable[34]. Live-verified by the Phase 7 probe; small function body matches the expected map-erase shape. Used for [[command]] cleanup on plugin unload (if/when v0.2 supports unload)."
2002,1.5.1164953,0x007A5818,verified,IConsole_ExecuteString,kcdx-phase7-probe@df56f86,"IConsole::ExecuteString(const char* command, bool bSilentMode, bool bDeferExecution). __thiscall. vtable[35]. Live-verified by the Phase 7 probe. Useful for plugins that want to programmatically execute console commands (e.g., binding a hotkey to a console command via Lua)."
2003,1.5.1164953,0x009DF818,verified,IConsole_GetCVar,kcdx-phase7-probe@df56f86,"IConsole::GetCVar(const char* name) -> ICVar*. __thiscall. vtable[23]. Live-verified by the Phase 7 probe (canonical CryEngine slot). Underpins kcdx.get_cvar_bool / get_cvar_int / get_cvar_float (Lua surface) and the C-side CVar lookup."
2004,1.5.1164953,0x00B99098,verified,IConsole_AddCommand_static_wrapper,kcdx-phase7-dispatch-investigation@2026-05-20,"Engine-side static function that resolves pConsole from its known .data slot and calls vtable[33] (AddCommand func-overload). Signature: void __fastcall(const char* name, ConsoleCommandFunc func, int nFlags, const char* sHelp). Used by the engine's own boot-time registrations (playerGoto, freeze, etc.). Plugins may prefer this over directly calling AddCommand because (a) no need to fetch pConsole first, (b) survives vtable shuffles across game patches as long as the wrapper itself stays at this RVA. Discovered by the Ghidra DISPATCH-INVESTIGATION."
2005,1.5.1164953,0x0100A3D4,verified,IConsole_AddCommand_script_overload,kcdx-phase7-dispatch-investigation@2026-05-20,"IConsole::AddCommand(const char* sName, const char* sScriptFunc, int nFlags, const char* sHelp). **vtable[32]** — the SCRIPT-STRING overload (originally mis-labeled as the func-pointer overload at id 2000). Registers a console command whose body is a Lua source string (e.g., \"Game.Connect(%1)\"). Plugins typically want id 2000 (function-pointer form) instead, but this is documented for completeness."
3000,1.5.1164953,,unverified,IGame_CompleteInit_vtable_idx,muyuanjin/kcd2db@22b3cd1,"IGame::CompleteInit() vtable index. muyuanjin confirms slot 4 (0-indexed) in V1.4+. __thiscall(rcx=IGame*). Fires exactly once during engine init, main thread. NOT a function-entry RVA — this is a vtable-slot integer. Address Library schema would need [[vtable_hook]] support (Phase 5+) to consume directly; for now, record as a known constant. Status unverified at the Address-Library API level until [[vtable_hook]] ships."
3001,1.5.1164953,,unverified,IScriptSystem_CreateTable_vtable_idx,muyuanjin/kcd2db@22b3cd1,"IScriptSystem::CreateTable() vtable index = 13 (0-indexed). +1 from canonical 12 due to inserted unknown virtual. __thiscall. Same status caveat as id 3000."
3002,1.5.1164953,,unverified,IScriptTable_SetValueAny_vtable_idx,muyuanjin/kcd2db@22b3cd1,"IScriptTable::SetValueAny() vtable index = 7 (0-indexed). +1 from canonical 6 due to inserted unknown virtual. __thiscall. Same caveat."
3003,1.5.1164953,,unverified,IGame_GetIGameFramework_vtable_idx,muyuanjin/kcd2db@22b3cd1,"IGame::GetIGameFramework() vtable index = 16 (0-indexed). Returns IGameFramework*. __thiscall. Documented by muyuanjin in IDA at offset 0x80 (== 16 * 8). Same caveat."
3004,1.5.1164953,,unverified,IGame_GetLongName_vtable_idx,muyuanjin/kcd2db@22b3cd1,"IGame::GetLongName() vtable index = 12 (0-indexed). __thiscall. Documented by muyuanjin at offset 0x60. Useful for plugin-side game identification. Same caveat."
3005,1.5.1164953,,unverified,IGame_GetName_vtable_idx,muyuanjin/kcd2db@22b3cd1,"IGame::GetName() vtable index = 13 (0-indexed). __thiscall. Documented by muyuanjin at offset 0x68. Same caveat."
1100,1.5.1164953,0x0071A0D8,verified,luaL_checktype,phase8-fix-a@2026-05-21,"luaL_checktype(L, narg, t). Cross-confirmed across many luaB_*/db_* wrappers: str_dump + luaB_next + luaB_rawget + luaB_rawset + tconcat + tinsert + tremove + db_sethook all call this RVA at the matching source position. See _research/phase8-fix-a/lua_rvas.csv."
1101,1.5.1164953,0x0071A49C,verified,lua_insert,phase8-fix-a@2026-05-21,"lua_insert(L, idx). Cross-confirmed in luaB_pcall (after lua_pcall) and luaB_xpcall (between settop and pcall); both match source's lua_insert call."
1102,1.5.1164953,0x0071A4E4,verified,lua_remove,phase8-fix-a@2026-05-21,"lua_remove(L, idx). Call in luaopen_math matching lua_remove(L, -2) which removes the _LOADED table after registering; cross-confirmed in db_gethook."
1103,1.5.1164953,0x0071CA90,verified,lua_type,phase8-fix-a@2026-05-21,"lua_type(L, idx) -> int. Cross-confirmed in luaB_type body + first call in luaB_setmetatable + db_sethook + luaB_tostring switch dispatch."
1104,1.5.1164953,0x0071D06C,verified,lua_rawgeti,phase8-fix-a@2026-05-21,"lua_rawgeti(L, idx, n). Fourth call in tconcat (loop body lua_rawgeti(L, 1, i)); cross-confirmed in tinsert + tremove."
1105,1.5.1164953,0x0071E46C,verified,lua_pushlstring,phase8-fix-a@2026-05-21,"lua_pushlstring(L, s, len). db_gethook calls it with rcx=L rdx=""external hook"" r8=13 (length); auxresume call with literal ""cannot resume dead coroutine"" r8=0x1C (length 28) — PGO specialized lua_pushfstring at compile time to lua_pushlstring with literal when args are constant."
1106,1.5.1164953,0x0071E4D4,verified,lua_getmetatable,phase8-fix-a@2026-05-21,"lua_getmetatable(L, objindex) -> int. Second call in luaB_getmetatable matching if (!lua_getmetatable(L, 1))."
1107,1.5.1164953,0x0071E77C,verified,lua_settop,phase8-fix-a@2026-05-21,"lua_settop(L, idx). Cross-confirmed across str_dump + luaB_next + luaB_rawget + luaB_rawset + luaB_error + luaB_setmetatable + luaB_xpcall + db_setlocal + db_sethook."
1108,1.5.1164953,0x0071ECEC,verified,lua_touserdata,phase8-fix-a@2026-05-21,"lua_touserdata(L, idx) -> void*. Call in ll_require matching lua_touserdata(L, -1) == sentinel check."
1109,1.5.1164953,0x0071EF54,verified,lua_pushstring,phase8-fix-a@2026-05-21,"lua_pushstring(L, s). Fourth call in luaB_type body with rcx=L rdx=string (2 args); matches lua_pushstring(L, luaL_typename(...)) exactly."
1110,1.5.1164953,0x0071F098,verified,lua_createtable,phase8-fix-a@2026-05-21,"lua_createtable(L, narr, nrec). Call in base_open after the auxopen pair matching lua_createtable(L, 0, 1) for the newproxy weak table."
1111,1.5.1164953,0x0071F100,verified,lua_pushvalue,phase8-fix-a@2026-05-21,"lua_pushvalue(L, idx). Call in luaB_getfenv with edx=0xFFFFD8EE (= -10002 = LUA_GLOBALSINDEX); matches lua_pushvalue(L, LUA_GLOBALSINDEX); cross-confirmed in luaB_setfenv + luaB_tostring + db_getlocal + db_sethook."
1112,1.5.1164953,0x0071F128,verified,lua_setmetatable,phase8-fix-a@2026-05-21,"lua_setmetatable(L, objindex) -> int. Fifth call in luaB_setmetatable body matching lua_setmetatable(L, 1) after type/checktype/getmetafield/settop."
1113,1.5.1164953,0x0071F4BC,verified,lua_next,phase8-fix-a@2026-05-21,"lua_next(L, idx). Third call in luaB_next body matching final lua_next(L, 1) in source."
1114,1.5.1164953,0x0071F6A8,verified,lua_tolstring,phase8-fix-a@2026-05-21,"lua_tolstring(L, idx, len). Call in db_getinfo after lua_pushfstring(L, "">%s"", options) matching options = lua_tostring(L, -1) macro = lua_tolstring(L, -1, NULL)."
1115,1.5.1164953,0x0071F6FC,verified,lua_gettable,phase8-fix-a@2026-05-21,"lua_gettable(L, idx). Call in str_gsub's add_value helper at LUA_TTABLE case matching lua_gettable(L, 3)."
1116,1.5.1164953,0x0071FCE8,verified,luaC_step,phase8-fix-a@2026-05-21,"luaC_step(L) — internal GC stepper, NOT LUA_API. Originally mis-tagged as lua_newthread in the first commit; corrected after body-shape analysis showed it reads g->totalbytes/GCthreshold via [L+0x20]+offsets and calls 0x71FDAC (luaC_singlestep) — the GC step dispatch, not thread creation. luaB_cocreate's apparent lua_newthread call was actually the inlined-lua_newthread's call to luaC_checkGC (macro expanding to luaC_step). lua_newthread itself appears inlined; no separate RVA known."
1117,1.5.1164953,0x00718464,verified,lua_rawget,phase8-fix-a@2026-05-21,"lua_rawget(L, idx). Fourth call in luaB_rawget matching final lua_rawget(L, 1) in source."
1118,1.5.1164953,0x00720738,verified,lua_rawset,phase8-fix-a@2026-05-21,"lua_rawset(L, idx). Fifth call in luaB_rawset matching final lua_rawset(L, 1); cross-confirmed in db_sethook."
1119,1.5.1164953,0x0041C200,verified,lua_tonumber,phase8-fix-a@2026-05-21,"lua_tonumber(L, idx) -> lua_Number. Call in luaB_setfenv after lua_isnumber check matching lua_tonumber(L, 1); returns xmm0 (float per CryEngine's LUA_NUMBER=float)."
1120,1.5.1164953,0x0041C230,verified,lua_isnumber,phase8-fix-a@2026-05-21,"lua_isnumber(L, idx) -> int. Body-shape match: calls index2adr (0x71DD7C) then cmp [rax+8] 3 (LUA_TNUMBER → return 1); fast-path for lua_isnumber."
1121,1.5.1164953,0x00B9CC48,verified,lua_checkstack,phase8-fix-a@2026-05-21,"lua_checkstack(L, n) -> int. Body-shape match: computes (L->top - L->base) + size > LUAI_MAXCSTACK with constant 0x800 (= CryEngine's LUAI_MAXCSTACK=2048); also called 2x from auxresume."
1122,1.5.1164953,0x00B9CE78,verified,lua_typename,phase8-fix-a@2026-05-21,"lua_typename(L, tp) -> const char*. Third call in luaB_type matching luaL_typename macro = lua_typename(L, lua_type(L,i))."
1123,1.5.1164953,0x00B9D764,verified,lua_objlen,phase8-fix-a@2026-05-21,"lua_objlen(L, idx) -> size_t. Reached via luaL_getn macro in tconcat + tremove + tinsert; also directly from table.getn wrapper."
1124,1.5.1164953,0x00B9C1AC,verified,lua_toboolean,phase8-fix-a@2026-05-21,"lua_toboolean(L, idx) -> int. Body-shape match: calls index2adr (0x71DD7C) then cmp [rax+8] 0 (LUA_TNIL → return 0); cmp eax 1 (LUA_TBOOLEAN check) then checks bvalue."
1125,1.5.1164953,0x00B9C2A4,verified,lua_rawseti,phase8-fix-a@2026-05-21,"lua_rawseti(L, idx, n). Reached 2x in tinsert (the swap loop) + 2x in tremove (the shift loop) — matches source."
1126,1.5.1164953,0x00B9CAFC,verified,lua_tointeger,phase8-fix-a@2026-05-21,"lua_tointeger(L, idx) -> lua_Integer. Call near top of db_traceback matching (int)lua_tointeger(L, arg+2); cross-confirmed in db_getinfo."
1127,1.5.1164953,0x00B9D0C0,verified,lua_newuserdata,phase8-fix-a@2026-05-21,"lua_newuserdata(L, sz) -> void*. Second call in luaB_newproxy after lua_settop matching lua_newuserdata(L, 0)."
1128,1.5.1164953,0x00B9D11C,verified,lua_pushcclosure,phase8-fix-a@2026-05-21,"lua_pushcclosure(L, fn, n). Call inside luaopen_math's library-population loop matching lua_pushcclosure(L, l->func, 0) (upvalue-copy loop skipped when nup=0)."
1129,1.5.1164953,0x00ADB058,verified,luaL_findtable,phase8-fix-a@2026-05-21,"luaL_findtable(L, idx, fname, szhint). First call in luaopen_math with edx=-10000 (LUA_REGISTRYINDEX) r8=""_LOADED"" r9d=size; called again in same fn with edx=LUA_GLOBALSINDEX."
1130,1.5.1164953,0x00ADB44C,verified,lua_getfield,phase8-fix-a@2026-05-21,"lua_getfield(L, idx, k). Second call in luaopen_math matching lua_getfield(L, -1, libname); 3 args."
1131,1.5.1164953,0x00A2D840,verified,lua_setfield,phase8-fix-a@2026-05-21,"lua_setfield(L, idx, k). Call in luaopen_math's library setup matching lua_setfield(L, -3, libname); cross-confirmed via lua_setfield(L, -3, ""pi"") and ""huge""."
1132,1.5.1164953,0x00A2D8B8,verified,lua_gc,phase8-fix-a@2026-05-21,"lua_gc(L, what, data). Called 2x in luaB_collectgarbage matching source's 2 lua_gc invocations (main op + GCCOUNTB in the GCCOUNT case)."
1133,1.5.1164953,0x00A2DA68,verified,lua_sethook,phase8-fix-a@2026-05-21,"lua_sethook(L, func, mask, count). Call in db_sethook with 4 args (L1, hookf, mask, count); matches lua_sethook signature exactly."
1134,1.5.1164953,0x00CAE9A8,verified,lua_getstack,phase8-fix-a@2026-05-21,"lua_getstack(L, level, ar) -> int. Call in db_getlocal + db_setlocal after the luaL_checkint(L, arg+1) call matching if (!lua_getstack(L1, n, &ar))."
1135,1.5.1164953,0x00CAEA88,verified,lua_getinfo,phase8-fix-a@2026-05-21,"lua_getinfo(L, what, ar) -> int. Call in db_traceback after lua_getstack with rdx=""Snl"" matching lua_getinfo(L1, ""Snl"", &ar)."
1136,1.5.1164953,0x01250AC4,verified,luaL_checknumber,phase8-fix-a@2026-05-21,"luaL_checknumber(L, narg) -> lua_Number. First call in math_floor (and many other math_* wrappers) with (L, 1); each math_X = luaL_checknumber + CRT math fn + inlined lua_pushnumber; cross-confirmed in math_pow which calls it 2x."
1137,1.5.1164953,0x0144965C,verified,lua_call,phase8-fix-a@2026-05-21,"lua_call(L, nargs, nresults). Inlined luaL_callmeta in luaB_tostring: after luaL_getmetafield returns true, code does lua_pushvalue(L, obj); lua_call(L, 1, 1) — call here is lua_call."
1138,1.5.1164953,0x016546F8,verified,luaL_getmetafield,phase8-fix-a@2026-05-21,"luaL_getmetafield(L, obj, e) -> int. Third call in luaB_getmetatable matching luaL_getmetafield(L, 1, ""__metatable""); cross-confirmed via inlined luaL_callmeta in luaB_tostring."
1139,1.5.1164953,0x013236D0,verified,lua_concat,phase8-fix-a@2026-05-21,"lua_concat(L, n). Sixth call in luaB_error matching lua_concat(L, 2)."
1140,1.5.1164953,0x01323664,verified,luaL_pushresult,phase8-fix-a@2026-05-21,"luaL_pushresult(B). Call site in str_dump immediately after luaL_error and before security_check_cookie; source ends str_dump with luaL_pushresult(&b) followed by return 1."
1141,1.5.1164953,0x013E14D8,verified,lua_load,phase8-fix-a@2026-05-21,"lua_load(L, reader, dt, chunkname) -> int. Call in luaB_loadstring after luaL_checklstring + luaL_optstring with the LoadS struct in stack; function calls luaD_pcall (via luaD_protectedparser)."
1142,1.5.1164953,0x00B9C9BC,verified,luaL_checklstring,phase8-fix-a@2026-05-21,"luaL_checklstring(L, narg, len) -> const char*. Call in db_sethook matching luaL_checkstring macro = luaL_checklstring(L, n, NULL); cross-confirmed in str_rep + str_len."
1143,1.5.1164953,0x00B9CA08,verified,luaL_optinteger,phase8-fix-a@2026-05-21,"luaL_optinteger(L, narg, default) -> lua_Integer. First call in luaB_error matching luaL_optint macro = (int)luaL_optinteger(L, 2, 1); cross-confirmed in luaB_tonumber + luaB_collectgarbage + tremove + db_sethook."
1144,1.5.1164953,0x00B9CAB4,verified,luaL_checkinteger,phase8-fix-a@2026-05-21,"luaL_checkinteger(L, narg) -> lua_Integer. Reached via luaL_checkint macro in tconcat + tinsert + tremove + db_getlocal + db_setlocal."
1145,1.5.1164953,0x00B9CC20,verified,luaL_checkstack,phase8-fix-a@2026-05-21,"luaL_checkstack(L, sz, msg) — different from lua_checkstack. Call in luaB_unpack matching luaL_checkstack(L, n, ""too many results to unpack"")."
1146,1.5.1164953,0x00B9CE94,verified,luaL_checkany,phase8-fix-a@2026-05-21,"luaL_checkany(L, narg). Cross-confirmed across luaB_rawget + luaB_rawset + luaB_rawequal + luaB_type + luaB_getmetatable + luaB_pcall + luaB_xpcall + luaB_tostring + luaB_tonumber + luaB_unpack + db_setlocal."
1147,1.5.1164953,0x00B9D8E4,verified,luaL_addlstring,phase8-fix-a@2026-05-21,"luaL_addlstring(B, s, l). Call inside str_rep's repeat loop after the buffer was initialized inline; matches luaL_addlstring(&b, s, l) (3 args)."
1148,1.5.1164953,0x039930A4,verified,lua_iscfunction,phase8-fix-a@2026-05-21,"lua_iscfunction(L, idx) -> int. Call in luaB_getfenv with (L, -1); cross-confirmed in luaB_setfenv."
1149,1.5.1164953,0x039930CC,verified,lua_isstring,phase8-fix-a@2026-05-21,"lua_isstring(L, idx) -> int. Third call in luaB_error body matching the lua_isstring(L, 1) check."
1150,1.5.1164953,0x039930E8,verified,lua_lessthan,phase8-fix-a@2026-05-21,"lua_lessthan(L, idx1, idx2) -> int. sort_comp's cold path (when comparator nil) tail-jumps to lua_lessthan via the cold-path call at 0x3999CE9 → 0x39930E8; the function calls index2adr 2x and tail-jmps to luaV_lessthan."
1151,1.5.1164953,0x03993060,verified,lua_getupvalue,phase8-fix-a@2026-05-21,"lua_getupvalue(L, funcindex, n) -> const char*. Call in auxupvalue's get-path (test edi != 0 fall-through); source: name = get ? lua_getupvalue(L, 1, n) : lua_setupvalue(L, 1, n)."
1152,1.5.1164953,0x03993134,verified,lua_pushfstring,phase8-fix-a@2026-05-21,"lua_pushfstring(L, fmt, ...) -> const char*. Called 5+ times in db_traceback with format-string args (variadic pattern); each call loads a format string (e.g. ""%s:"" ""%d:"" "" in function "" LUA_QS)."
1153,1.5.1164953,0x03993178,verified,lua_rawequal,phase8-fix-a@2026-05-21,"lua_rawequal(L, idx1, idx2) -> int. Third call in luaB_rawequal with 3 args (L, 1, 2); lua_pushboolean inlined."
1154,1.5.1164953,0x039931C0,verified,lua_setfenv,phase8-fix-a@2026-05-21,"lua_setfenv(L, idx) -> int. Third call in db_setfenv after luaL_checktype + lua_settop matching if (lua_setfenv(L, 1) == 0); cross-confirmed in luaB_setfenv."
1155,1.5.1164953,0x03993244,verified,lua_setupvalue,phase8-fix-a@2026-05-21,"lua_setupvalue(L, funcindex, n) -> const char*. Call in auxupvalue's set-path (test edi != 0 taken-branch); ternary other branch from lua_getupvalue site."
1156,1.5.1164953,0x039932C0,verified,lua_tothread,phase8-fix-a@2026-05-21,"lua_tothread(L, idx) -> lua_State*. First call in luaB_costatus matching lua_State *co = lua_tothread(L, 1); cross-confirmed via luaB_coresume."
1157,1.5.1164953,0x039932DC,verified,lua_xmove,phase8-fix-a@2026-05-21,"lua_xmove(from, to, n). auxresume calls lua_xmove 3x — site at 0x39932DC is called 3x from auxresume; cross-confirmed in db_getlocal + db_setlocal + db_sethook."
1158,1.5.1164953,0x039934C8,verified,luaL_addvalue,phase8-fix-a@2026-05-21,"luaL_addvalue(B). Final call in str_gsub's add_value helper with rcx=&b matching luaL_addvalue(b); single luaL_Buffer* arg."
1159,1.5.1164953,0x0399355C,verified,luaL_argerror,phase8-fix-a@2026-05-21,"luaL_argerror(L, narg, extramsg). Error path of db_getlocal + db_setlocal after !lua_getstack — matches return luaL_argerror(L, arg+1, ""level out of range"")."
1160,1.5.1164953,0x03993638,verified,luaL_checkoption,phase8-fix-a@2026-05-21,"luaL_checkoption(L, narg, def, lst[]) -> int. First call in luaB_collectgarbage matching luaL_checkoption(L, 1, ""collect"", opts)."
1161,1.5.1164953,0x0399375C,verified,luaL_error,phase8-fix-a@2026-05-21,"luaL_error(L, fmt, ...) -> int. Cross-confirmed: str_dump (lstrlib.c) + auxresume (lbaselib.c) + tinsert all reach the same RVA."
1162,1.5.1164953,0x03993AA4,verified,luaL_optlstring,phase8-fix-a@2026-05-21,"luaL_optlstring(L, narg, def, len) -> const char*. First call in tconcat matching luaL_optstring expansion (L, 2, """", &lsep)."
1163,1.5.1164953,0x03993B00,verified,luaL_prepbuffer,phase8-fix-a@2026-05-21,"luaL_prepbuffer(B) -> char*. Call in str_gsub main loop with single arg (luaL_Buffer*) when buffer needs refilling."
1164,1.5.1164953,0x03993B24,verified,luaL_typerror,phase8-fix-a@2026-05-21,"luaL_typerror(L, narg, tname) -> int. Located via string xref to ""%s expected, got %s"" format string in .rdata; body calls lua_type + lua_typename + lua_pushfstring then tail-jumps to luaL_argerror."
1165,1.5.1164953,0x03993B70,verified,luaL_where,phase8-fix-a@2026-05-21,"luaL_where(L, level). Fourth call in luaB_error matching luaL_where(L, level)."
1166,1.5.1164953,0x03996250,verified,lua_getlocal,phase8-fix-a@2026-05-21,"lua_getlocal(L, ar, n) -> const char*. Call in db_getlocal after the second luaL_checkint(L, arg+2); matches lua_getlocal(L1, &ar, n)."
1167,1.5.1164953,0x039962B8,verified,lua_setlocal,phase8-fix-a@2026-05-21,"lua_setlocal(L, ar, n) -> const char*. Call in db_setlocal after lua_xmove(L, L1, 1); matches lua_setlocal(L1, &ar, luaL_checkint(L, arg+2))."
1168,1.5.1164953,0x0399605C,verified,lua_error,phase8-fix-a@2026-05-21,"lua_error(L) -> int. Seventh and final call in luaB_error matching return lua_error(L)."
1169,1.5.1164953,0x039966A4,verified,lua_resume,phase8-fix-a@2026-05-21,"lua_resume(L, narg) -> int. auxresume calls lua_resume once after lua_xmove#1; sequence-position match (only 1 call in that window)."
1170,1.5.1164953,0x03996EE4,verified,lua_dump,phase8-fix-a@2026-05-21,"lua_dump(L, writer, data) -> int. Call site in str_dump immediately before ""unable to dump given function"" string load; the call str_dump makes before checking for failure."
1171,1.5.1164953,0x03992FFC,verified,lua_getfenv,phase8-fix-a@2026-05-21,"lua_getfenv(L, idx). Else branch of luaB_getfenv with edx=-1; matches lua_getfenv(L, -1)."
1172,1.5.1164953,0x009299AC,verified,luaopen_math,phase8-fix-a@2026-05-21,"luaopen_math(L). lualibs[] entry 6 — ""math"" → luaopen_math; first call in this function inlines luaI_openlib and walks through luaL_findtable/lua_getfield/lua_type/lua_settop/lua_pushvalue/lua_setfield/lua_remove/lua_insert/lua_pushcclosure."
1173,1.5.1164953,0x00D815A4,verified,luaopen_table,phase8-fix-a@2026-05-21,"luaopen_table(L). lualibs[] entry 2 — ""table"" → luaopen_table."
1174,1.5.1164953,0x007A671C,verified,luaopen_debug,phase8-fix-a@2026-05-21,"luaopen_debug(L). lualibs[] entry 7 — ""debug"" → luaopen_debug."
1175,1.5.1164953,0x012DA578,verified,luaopen_base,phase8-fix-a@2026-05-21,"luaopen_base(L). lualibs[] entry 0 — empty name maps to luaopen_base in linit.c. Calls base_open then luaL_register on co_funcs."
1176,1.5.1164953,0x012DAC38,verified,luaopen_string,phase8-fix-a@2026-05-21,"luaopen_string(L). lualibs[] entry 5 — ""string"" → luaopen_string."
1177,1.5.1164953,0x012DAF40,verified,luaopen_package,phase8-fix-a@2026-05-21,"luaopen_package(L). lualibs[] entry 1 — ""package"" → luaopen_package. Inlines luaL_newmetatable at entry."
1178,1.5.1164953,0x019DFD0C,verified,luaopen_os,phase8-fix-a@2026-05-21,"luaopen_os(L). lualibs[] entry 4 — ""os"" → luaopen_os. CryEngine os library has only {time, clock}; rest stripped."
1179,1.5.1164953,0x003B70F0,verified,luaopen_io,phase8-fix-a@2026-05-21,"luaopen_io(L). lualibs[] entry 3 — ""io"" → luaopen_io. STUBBED: this RVA is a 3-byte `ret 0` thunk; CryEngine disabled Lua's io library wholesale."
1180,1.5.1164953,0x0071DD7C,verified,index2adr,phase8-fix-a@2026-05-21,"index2adr(L, idx) -> TValue*. Internal lapi.c helper (NOT a public LUA_API); target of lua_pcall's first call. Resolves a stack index (positive/negative/pseudo) to a TValue pointer. Useful for advanced kcdx-internal work where direct stack manipulation is needed."
1181,1.5.1164953,0x0071A628,verified,luaD_pcall,phase8-fix-a@2026-05-21,"luaD_pcall(L, func, u, old_top, ef) -> int. Internal ldo.c helper; thin wrapper around luaD_rawrunprotected with the error-handling cold path (luaF_close + luaD_seterrorobj). Called from lua_pcall + lua_cpcall + lua_load."
1182,1.5.1164953,0x0071A6A8,verified,luaD_rawrunprotected,phase8-fix-a@2026-05-21,"luaD_rawrunprotected(L, f, ud) -> int. Internal ldo.c helper; sets up the LUAI_TRY (setjmp/longjmp) frame and runs f(L, ud) inside it. Calls Windows amd64 _setjmp at 0x1d938e3."
1183,1.5.1164953,0x039934B4,verified,luaL_addstring,phase8-fix-a@2026-05-21,"luaL_addstring(B, s). Identified by JMP-scan: only function in WHGame.dll that tail-jumps to luaL_addlstring (0xB9D8E4). Body: inline strlen (or r8,-1; inc r8; cmp byte [rdx+r8], 0; jne) then jmp luaL_addlstring. No-frame leaf function (absent from .pdata) — start RVA derived by walking backward from the E9 JMP through the CC pad."
1184,1.5.1164953,0x0399838C,verified,luaO_pushvfstring,phase8-fix-a@2026-05-21,"luaO_pushvfstring(L, fmt, va_list) -> const char*. Internal lobject.c helper (NOT LUA_API). Called from lua_pushfstring's body at site 0x399316B (after inlined luaC_checkGC + va_list setup). Plugin shim that wants lua_pushvfstring should call this directly and handle the GC check manually (lua_pushvfstring's only meaningful wrapper logic is the luaC_checkGC + this call)."
1185,1.5.1164953,0x0071F1F8,verified,lua_topointer,phase8-fix-a@2026-05-21,"lua_topointer(L, idx) -> const void*. Body matches the source switch-on-ttype: index2adr; then cmp ttype against LIGHTUSERDATA (2) → tail-jmp to lua_touserdata; else cmp against TABLE/FUNCTION/THREAD (5/6/7) → return [rax] (the GC pointer). Default returns NULL. Function lives between lua_setmetatable and other small lapi.c functions."
1186,1.5.1164953,0x0071E7C0,verified,lua_settable,phase8-fix-a@2026-05-21,"lua_settable(L, idx). Body matches source: index2adr to get t; compute L->top-2 and L->top-1; call luaV_settable (0x71CCF0) with (L, t, L->top-2, L->top-1); L->top -= 2. The 4-arg internal call after stack-pointer arithmetic is the lua_settable signature."
1187,1.5.1164953,0x0399614C,verified,luaG_runerror,phase8-fix-a@2026-05-21,"luaG_runerror(L, fmt, ...). Internal ldebug.c error-message constructor (NOT LUA_API). Body matches source: saves variadic args; checks G(L)->storedebug flag at [g+0x22]; if set calls luaO_pushvfstring(L, fmt, argp); else calls luaO_pushfstring(L, ""[Error] Lua error..."") — the storedebug-dispatch is CryEngine-specific (vendor/lua/luaconf.h adds storedebug for memory-saving debug suppression)."
1188,1.5.1164953,0x03998368,verified,luaO_pushfstring,phase8-fix-a@2026-05-21,"luaO_pushfstring(L, fmt, ...). Internal lobject.c varargs wrapper around luaO_pushvfstring. Body: save varargs to home space, lea r8=va_list_start, tail-call luaO_pushvfstring. Used by luaG_runerror's no-debug-info path."
1189,1.5.1164953,0x014492A8,verified,lua_newstate,phase8-fix-a@2026-05-21,"lua_newstate(allocf, ud) -> lua_State*. PGO-fused with luaL_newstate — accepts no allocator argument (callers pass xor ecx, edx, r8d) and directly calls l_alloc (0x71E2B0). Body matches lstate.c::lua_newstate exactly: allocates 0x268 bytes (= sizeof(LG)), initializes g->storedebug=1 at +0x22, gcpause/gcstepmul=200 at +0x90/+0x94, totalbytes=0x268 at +0x78, mainthread=L at +0xb0, L->l_G=g at +0x20; final call is luaD_rawrunprotected(L, f_luaopen, NULL) at 0x014493F0. Sole caller is CScriptSystem::Init (0x1448F38)."
1190,1.5.1164953,0x01449600,verified,luaL_openlibs,phase8-fix-a@2026-05-21,"luaL_openlibs(L). Sole xref to the static lualibs[] table at .rdata RVA 0x3B8B200 (NOT 0x3B8B210 — table actually starts 16 bytes earlier with the {"""", luaopen_base} entry). Body is the canonical 3-call loop: lua_pushcclosure (0xB9D11C) + lua_pushstring (0x71EF54) + lua_call (0x144965C) per entry. The lualibs reference is at instr RVA 0x144960A inside this function."
1191,1.5.1164953,0x00F77CA4,verified,f_luaopen,phase8-fix-a@2026-05-21,"f_luaopen(L, ud). Static helper inside lua_newstate. Computed from lea rdx, [rip - 0x4d174c] at 0x014493E9 immediately before call luaD_rawrunprotected. Builds the initial state: stack_init, gt(L)=luaH_new(L,0,2), registry=luaH_new(L,0,2), luaS_resize(L, MINSTRTABSIZE), luaT_init, luaX_init, luaS_fix(luaS_newliteral(L, ""not enough memory"")). NOT LUA_API — internal."
1192,1.5.1164953,0x0071E2B0,verified,l_alloc,phase8-fix-a@2026-05-21,"l_alloc(ud, ptr, osize, nsize) -> void*. Default CryEngine Lua allocator. Unique direct-callee of lua_newstate (0x14492A8). Body matches lua_Alloc signature: nsize==0 → free; otherwise heap-alloc via 0x71E1B0 (CryEngine heap function). NOT LUA_API — internal allocator hook."
1193,1.5.1164953,0x039936D0,verified,luaL_checkudata,phase8-fix-a@2026-05-21,"luaL_checkudata(L, ud, tname) -> void*. Body matches lauxlib.c:124 exactly: lua_touserdata(L,1) → null check → lua_getmetatable(L,1) → zero check → lua_getfield(L, LUA_REGISTRYINDEX=0xFFFFD8F0, tname) → lua_rawequal(L,-2,-1) → zero check → lua_settop(L,-3) → return p; error tail: luaL_typerror(L,1,tname). LUA_REGISTRYINDEX immediate (0xFFFFD8F0) at 0x3993707 confirms identification. One caller (0x39979a0)."
1194,1.5.1164953,0x03B8AF70,verified,CScriptSystem_vtable,phase8-fix-a@2026-05-21,"CScriptSystem vtable RVA in .rdata. 69 slots from 0x3B8AF70..0x3B8B198. Slot [6] is 0x4D46E4 (CScriptSystem::ExecuteBuffer — the CryEngine-side caller of lua_pcall). Slots [12]/[13] both call lua_createtable (0x71F098). Slot [5]=ExecuteFile, [6]=ExecuteBuffer, [13]=CreateTable per muyuanjin's IScriptSystem.h notes. 2 xrefs total: ctor 0x1448E60 and dtor 0x39AD63C."
1195,1.5.1164953,0x01448E60,verified,CScriptSystem_ctor,phase8-fix-a@2026-05-21,"CScriptSystem constructor. Writes vtable 0x3B8AF70 to [rcx], second vtable 0x3B8AF50 (4-slot base-class adjustor subobject) to [rcx+8]; zeroes member slots at +0x40/+0x48/+0x50/+0x60/+0x68; calls CryEngine helper at 0x3F820C; allocates internal buffers via 0x50B994 / 0x4FDA6C (CryMemoryManager wiring). Single xref site: 0x01448DFC."
1196,1.5.1164953,0x01448F38,verified,CScriptSystem_Init,phase8-fix-a@2026-05-21,"CScriptSystem::Init — the Lua-boot parent function. Sole caller of both lua_newstate (0x14492A8) and luaL_openlibs (0x1449600). Sequence: malloc(0x40)+ctor of helper struct → virtual call on parent system → lua_newstate → stores L on instance and globals → SETS storedebug=0 (CryEngine memory-save; overrides the default storedebug=1 from lua_newstate) → luaL_openlibs → 3 CryEngine extension lib registrars (0x1449698, 0x1449410, 0x1449584). The boot anchor for kcdx's post-Lua-init hook."
1197,1.5.1164953,0x039AD63C,verified,CScriptSystem_dtor,phase8-fix-a@2026-05-21,"CScriptSystem destructor. Writes vtable back to [rcx] and [rcx+8] then tears down owned subsystems. Calls lua_close (0x39989A4) at site 0x39AD6E2 when [rdi+0x10] (the stored lua_State*) is non-null."
1198,1.5.1164953,0x039989A4,verified,lua_close,phase8-fix-a@2026-05-21,"lua_close(L). Body matches lstate.c source exactly: loads G(L)->mainthread via [L+0x20]+[g+0xB0] (the L = G(L)->mainthread reassignment); calls luaF_close (0x1565018) with rdx=L->stack; calls luaC_separateudata (0xFEABA8) with edx=1; resets L->ci=L->base_ci+L->base=L->top=L->ci->base+L->nCcalls=0; runs the do-while callallgcTM loop via luaD_rawrunprotected (0x71A6A8); tail-jumps to close_state (0x39987B4). Sole caller is CScriptSystem dtor at site 0x39AD6E2."
1199,1.5.1164953,0x00B9CCB8,verified,lua_replace,phase8-fix-a@2026-05-21,"lua_replace(L, idx). Body-shape + cold-path string anchor verified. Hot path: cmp idx == LUA_ENVIRONINDEX (0xFFFFD8EF); call index2adr (0x71DD7C); cmp idx == LUA_ENVIRONINDEX again; setobj-from-L->top-1 to o; cmp idx < LUA_GLOBALSINDEX (upvalue check) + barrier call; L->top -= 16. Cold path: ""no calling environment"" string at .rdata RVA 0x4086D70 reached by cold-path lea+luaG_runerror tail-call (0x399614C). Barrier slow-path call to luaC_barrierf (0x3997070)."
1200,1.5.1164953,0x0071D118,verified,luaL_ref,phase8-fix-a@2026-05-21,"luaL_ref(L, t) -> int. Body matches lauxlib.c source: loads LUA_REGISTRYINDEX immediate (0xFFFFD8F0) into r15d; uses index2adr (0x71DD7C); uses internal helper 0x71DF0C for array indexing; reads freelist head from registry, copies stack-top value into freelist slot, returns the int ref. Discovered via CryEngine extension lib registrar at 0x14495C4 which calls it after lua_pushcclosure to store the C function in the registry."
1201,1.5.1164953,0x039987B4,verified,close_state,phase8-fix-a@2026-05-21,"close_state(L). Internal lstate.c helper called by lua_close at tail. Body: saves G(L) into rbp; calls luaF_close with L->stack; iterates string-table buckets freeing TString chains via 0x720338; frees buff/stack/base_ci via luaM_realloc_ (0x71E258); final tail-jmp via g->frealloc with rcx=g->ud, rdx=L, r8d=0x268 — CONFIRMS sizeof(LG)=0x268 in this build. NOT LUA_API."
1202,1.5.1164953,0x03997070,verified,luaC_barrierf,phase8-fix-a@2026-05-21,"luaC_barrierf(L, o, v) — GC write barrier slow-path. Internal helper (NOT LUA_API). Reached from lua_replace's env-index barrier slow path at 0x228B6F7. Any shim stub that writes a GC pointer (lua_pushthread, lua_replace, lua_settable for GC values) must call this — without it incremental GC can free live objects."
1203,1.5.1164953,0x01565018,verified,luaF_close,phase8-fix-a@2026-05-21,"luaF_close(L, level). Internal lfunc.c helper (NOT LUA_API). Called by lua_close to close all upvalues for the thread. Plugin stubs that need to close upvalues over a stack range (rare; mostly relevant if a plugin implements its own coroutine-like construct) can call this directly."
1204,1.5.1164953,0x00FEABA8,verified,luaC_separateudata,phase8-fix-a@2026-05-21,"luaC_separateudata(L, all). Internal lgc.c helper (NOT LUA_API). Called by lua_close with all=1 to separate userdata that have GC metamethods (so their __gc handlers can fire)."
1205,1.5.1164953,0x0071E258,verified,luaM_realloc_,phase8-fix-a@2026-05-21,"luaM_realloc_(L, block, osize, nsize) -> void*. Internal lmem.c reallocator (NOT LUA_API). Routes all Lua memory management through g->frealloc. Used by close_state for array frees; also by lua_load (which we already have at 0x13E14D8) for ZIO buffer management."
