name,rva,n_matches,prologue_pattern
luaL_addlstring,,0,4D 85 C0 0F 84 ?? ?? ?? ?? 48 89 5C 24 18 48 89 74 24 20 41 56
luaL_addstring,0x003BFE8C|0x004189B0|0x004765D4|0x0047733C|0x004E8AC8|0x004ED1EC|0x0059D790|0x0062D224|0x0068A16C,9,48 89 5C 24 08 57 48 83 EC 20 48 8B F9 48 8B DA 48 8B CA E8 ?? ?? ?? ??
luaL_addvalue,,0,48 89 74 24 18 57 48 83 EC 20 48 8B 71 10 4C 8D 44 24 30 48 8B F9
luaL_argerror,0x025C6D24|0x025C6D98|0x0399355C,3,40 53 56 57 48 81 EC D0 00 00 00 48 8B 05 ?? ?? ?? ?? 48 33 C4
luaL_callmeta,,0,48 89 5C 24 08 48 89 74 24 10 57 48 83 EC 20 8D 82 0F 27 00 00 49 8B F0
luaL_checkany,,0,48 89 5C 24 08 57 48 83 EC 20 8B DA 48 8B F9 E8 ?? ?? ?? ?? 83 F8 FF
luaL_checkinteger,0x009DA0D8|0x00B9C9BC|0x00C62300|0x00D637E0|0x0119FEC0|0x01D73530|0x023DE248|0x0248C444|0x0275D750,9,48 89 5C 24 08 48 89 74 24 10 57 48 83 EC 20 8B FA 48 8B F1
luaL_checklstring,0x00C6A181|0x03995C75,2,48 89 6C 24 10 48 89 74 24 18 57 48 83 EC 20 8B EA 48 8B F1
luaL_checknumber,0x01250AC4,1,48 89 5C 24 08 57 48 83 EC 30 0F 29 74 24 20 8B DA 48 8B F9
luaL_checkoption,0x00C3888A|0x01CA83B5|0x023EB995|0x025CBC31|0x025CBD09|0x02CE619A|0x02CE6246|0x02CE8565|0x02CE863D,9,48 89 6C 24 10 48 89 74 24 18 57 41 56 41 57 48 83 EC 20 4D 8B F1
luaL_checkstack,0x00B9CC20|0x00E0D39C,2,48 89 5C 24 08 57 48 83 EC 20 49 8B F8 48 8B D9 E8 ?? ?? ?? ?? 85 C0
luaL_checktype,0x00F9E11C|0x025BCEEC|0x03818F0C|0x0381A874,4,48 89 5C 24 08 48 89 74 24 10 57 48 83 EC 20 41 8B D8 8B FA 48 8B F1
luaL_checkudata,0x003C8B74|0x00459794|0x0051B8E0|0x005B8300|0x00A30FC8|0x00A339FC|0x00A33EA8|0x00ADE4DC|0x00ADEF5C,9,48 89 5C 24 08 48 89 6C 24 10 48 89 74 24 18 57 48 83 EC 20 49 8B E8
luaL_error,,0,4C 8B DC 49 89 53 10 4D 89 43 18 4D 89 4B 20 53 57 48 81 EC B8 00 00 00
luaL_findtable,0x00393794|0x003A0F90|0x003A4038|0x003A54BC|0x003A61A0|0x003AD304|0x003B0404|0x003B19B8|0x003C4F5C,9,48 89 5C 24 08 48 89 6C 24 10 48 89 74 24 18 57 41 56 41 57 48 83 EC 20
luaL_getmetafield,0x00B9CC20|0x00E0D39C,2,48 89 5C 24 08 57 48 83 EC 20 49 8B F8 48 8B D9 E8 ?? ?? ?? ?? 85 C0
luaL_gsub,0x002420B0|0x0034C740|0x00373AD0,3,4C 8B DC 55 49 8D AB 58 FE FF FF 48 81 EC A0 02 00 00
luaL_loadbuffer,,0,48 83 EC 38 48 89 54 24 20 48 8D 15 ?? ?? ?? ?? 4C 89 44 24 28
luaL_loadfile,,0,40 55 56 57 48 81 EC 40 02 00 00 48 8B 05 ?? ?? ?? ?? 48 33 C4
luaL_loadstring,,0,48 89 5C 24 08 57 48 83 EC 30 48 8B F9 48 89 54 24 20 48 8B CA 48 8B DA
luaL_newmetatable,,0,48 89 5C 24 08 57 48 83 EC 20 48 8B FA 4C 8B C2 BA F0 D8 FF FF 48 8B D9
luaL_newstate,,0,40 53 48 83 EC 20 33 D2 48 8D 0D ?? ?? ?? ?? E8 ?? ?? ?? ?? 48 8B D8
luaL_openlib,0x01AB5860|0x01AE9450|0x01AF8270|0x01B00E70|0x01B04260|0x01B0C7A0|0x01B0CC90|0x01B25B60|0x01B27050,9,48 89 5C 24 08 48 89 6C 24 10 48 89 74 24 18 48 89 7C 24 20 41 54 41 56
luaL_openlibs,0x01449600,1,48 89 5C 24 08 57 48 83 EC 20 48 8B F9 48 8D 1D ?? ?? ?? ??
luaL_optinteger,,0,48 89 5C 24 08 48 89 74 24 10 57 48 83 EC 20 49 8B F0 8B DA 48 8B F9
luaL_optlstring,0x00623D9C|0x006A4BE0|0x006EDF64|0x007FDC10|0x009804F8|0x009A42CC|0x00A1BACC|0x00A2E148|0x00A76520,9,48 89 5C 24 08 48 89 6C 24 10 48 89 74 24 18 57 48 83 EC 20 49 8B F9
luaL_optnumber,,0,48 89 5C 24 08 57 48 83 EC 30 0F 29 74 24 20 8B DA 0F 28 F2 48 8B F9
luaL_prepbuffer,,0,48 89 5C 24 08 57 48 83 EC 20 4C 8B 01 48 8D 79 18 4C 2B C1 48 8B D9
luaL_pushresult,,0,48 89 74 24 10 48 89 7C 24 18 41 56 48 83 EC 20 4C 8B 01 48 8B F1
luaL_ref,,0,48 89 5C 24 10 57 48 83 EC 20 8D 82 0F 27 00 00 8B FA 48 8B D9
luaL_register,,0,48 89 5C 24 18 57 48 83 EC 20 48 89 6C 24 30 48 8B EA 49 8B D8 48 8B F9
luaL_typerror,0x01C9CC40,1,48 89 5C 24 08 48 89 74 24 10 57 48 83 EC 20 49 8B D8 8B FA 48 8B F1
luaL_unref,,0,45 85 C0 78 6E 48 89 5C 24 08 48 89 74 24 10 57 48 83 EC 20
luaL_where,0x000FBA40|0x001583A0|0x0015D1A0|0x001D5800|0x001D5950|0x003553B0|0x0057169C|0x005B5DB4|0x005D2D94,9,40 53 48 81 EC B0 00 00 00 48 8B 05 ?? ?? ?? ?? 48 33 C4
lua_bitlibopen,,0,40 53 48 83 EC 20 BA EE D8 FF FF 48 8B D9 E8 ?? ?? ?? ?? 45 33 C9
lua_call,0x0144965C,1,48 89 5C 24 08 57 48 83 EC 20 8D 42 01 41 8B D8 48 8B 51 10 48 8B F9
lua_checkstack,,0,48 89 5C 24 08 57 48 83 EC 20 4C 8B 41 10 48 8B D9 49 8B C0 48 63 FA
lua_close,,0,48 89 5C 24 08 57 48 83 EC 20 48 8B 59 20 48 8B 9B B0 00 00 00 48 8B CB
lua_concat,,0,48 89 5C 24 08 57 48 83 EC 20 48 63 DA 48 8B F9 83 FB 02 7C 4A
lua_cpcall,,0,48 83 EC 48 4C 8B 49 10 4C 2B 49 40 48 89 54 24 30 48 8D 15 ?? ?? ?? ??
lua_createtable,0x0071E46C|0x0071F098,2,48 89 5C 24 08 48 89 6C 24 10 48 89 74 24 18 57 48 83 EC 20 4C 8B 49 20
lua_dump,,0,48 83 EC 38 48 8B C2 48 8B 51 10 83 7A F8 06 75 2B 48 8B 52 F0
lua_equal,,0,40 53 48 83 EC 20 45 8B D0 48 8B D9 E8 ?? ?? ?? ?? 41 8B D2 48 8B CB
lua_gc,0x00A2D8B8,1,48 89 5C 24 08 48 89 74 24 10 57 48 83 EC 20 48 8B 59 20 33 FF 48 8B F1
lua_getallocf,,0,48 8B 41 20 48 85 D2 74 0B 4C 8B 40 18 4C 89 02 48 8B 41 20 48 8B 40 10
lua_getfenv,,0,48 83 EC 28 4C 8B D1 E8 ?? ?? ?? ?? 8B 48 08 83 E9 06 74 40 83 E9 01
lua_getfield,,0,48 89 5C 24 08 48 89 74 24 10 57 48 83 EC 30 49 8B D8 48 8B F1
lua_getinfo,,0,48 89 6C 24 18 48 89 74 24 20 57 41 54 41 56 48 83 EC 30 33 F6 48 8B F9
lua_getlocal,,0,48 89 5C 24 08 48 89 6C 24 10 48 89 74 24 18 57 48 83 EC 20 48 63 42 74
lua_getmetatable,,0,48 83 EC 28 4C 8B D1 E8 ?? ?? ?? ?? 48 63 48 08 83 F9 05 74 13 83 F9 07
lua_getstack,,0,4C 8B 49 28 4C 8B D9 85 D2 7E 25 4C 8B 51 50 90 4D 3B CA 76 60
lua_gettable,0x0071F6FC,1,48 83 EC 28 4C 8B D1 E8 ?? ?? ?? ?? 4D 8B 42 10 48 8B D0 49 83 C0 F0
lua_getupvalue,,0,48 83 EC 28 4D 63 D0 4C 8B D9 E8 ?? ?? ?? ?? 83 78 08 06 75 72 48 8B 10
lua_insert,,0,48 83 EC 28 4C 8B D9 E8 ?? ?? ?? ?? 49 8B 53 10 4C 8B D0 48 3B D0 76 21
lua_iscfunction,,0,48 83 EC 28 E8 ?? ?? ?? ?? 83 78 08 06 75 13 48 8B 00 80 78 0A 00 74 0A
lua_isnumber,,0,48 83 EC 38 E8 ?? ?? ?? ?? 83 78 08 03 74 17 48 8D 54 24 20 48 8B C8
lua_isstring,,0,48 83 EC 28 E8 ?? ?? ?? ?? 48 8D 0D ?? ?? ?? ?? 48 3B C1 74 17 8B 40 08
lua_isuserdata,,0,48 83 EC 28 E8 ?? ?? ?? ?? 8B 48 08 83 F9 07 74 0C 83 F9 02 74 07 33 C0
lua_lessthan,0x039930E8,1,40 53 48 83 EC 20 45 8B D0 4C 8B D9 E8 ?? ?? ?? ?? 41 8B D2 49 8B CB
lua_load,,0,48 89 5C 24 08 57 48 83 EC 50 49 8B D9 48 8B F9 4D 8B C8 4C 8B C2
lua_newstate,,0,48 89 5C 24 10 48 89 74 24 18 57 48 83 EC 20 48 8B FA 48 8B F1 48 8B CF
lua_newthread,,0,40 53 48 83 EC 20 48 8B 51 20 48 8B D9 48 8B 42 70 48 39 42 78 72 05
lua_newuserdata,0x00B9D0C0,1,48 89 5C 24 08 57 48 83 EC 20 4C 8B 41 20 48 8B FA 48 8B D9 49 8B 40 70
lua_next,0x0071F4BC,1,40 53 48 83 EC 20 48 8B D9 E8 ?? ?? ?? ?? 4C 8B 43 10 48 8B CB
lua_objlen,0x00B9D764,1,40 53 48 83 EC 20 4C 8B D1 E8 ?? ?? ?? ?? 48 8B D8 44 8B 40 08
lua_pcall,,0,48 89 5C 24 08 57 48 83 EC 40 41 8B F8 44 8B D2 48 8B D9 45 85 C9 75 04
lua_pushboolean,,0,4C 8B 41 10 33 C0 85 D2 0F 95 C0 41 89 00 41 C7 40 08 01 00 00 00
lua_pushcclosure,0x00B9D11C,1,48 89 5C 24 08 48 89 74 24 10 57 48 83 EC 20 4C 8B 49 20 48 8B F2
lua_pushfstring,0x03993134,1,48 89 54 24 10 4C 89 44 24 18 4C 89 4C 24 20 53 48 83 EC 20 4C 8B 41 20
lua_pushinteger,,0,48 8B 41 10 0F 57 C0 F3 48 0F 2A C2 C7 40 08 03 00 00 00 F3 0F 11 00
lua_pushlstring,0x0071E46C|0x0071F098,2,48 89 5C 24 08 48 89 6C 24 10 48 89 74 24 18 57 48 83 EC 20 4C 8B 49 20
lua_pushstring,,0,48 89 74 24 18 57 48 83 EC 20 48 8B F2 48 8B F9 48 85 D2 75 17
lua_pushthread,0x03994158,1,48 8B 41 10 48 89 08 C7 40 08 08 00 00 00 33 C0 48 8B 51 20
lua_pushvalue,0x0071F100,1,48 83 EC 28 4C 8B D1 E8 ?? ?? ?? ?? 4D 8B 42 10 48 8B 10 49 89 10
lua_pushvfstring,0x036D2CC8|0x036D2D3C,2,48 89 5C 24 08 48 89 74 24 10 57 48 83 EC 20 4C 8B 49 20 49 8B F8
lua_rawequal,0x03993178,1,40 53 48 83 EC 20 45 8B D8 4C 8B D1 E8 ?? ?? ?? ?? 41 8B D3 49 8B CA
lua_rawget,,0,40 53 48 83 EC 20 48 8B D9 E8 ?? ?? ?? ?? 48 8B 53 10 48 83 EA 10
lua_rawgeti,,0,40 53 48 83 EC 20 45 8B D0 48 8B D9 E8 ?? ?? ?? ?? 41 8B D2 48 8B 08
lua_rawset,0x003A0940|0x004C5B90|0x004E4B14|0x005B3CE4|0x006B1C68|0x006B3134|0x006B3548|0x006B3634|0x00720738,9,48 89 5C 24 08 48 89 74 24 10 57 48 83 EC 20 48 8B F9 E8 ?? ?? ?? ??
lua_rawseti,0x00B9C2A4,1,48 89 5C 24 08 48 89 74 24 10 57 48 83 EC 20 45 8B D0 48 8B F9
lua_remove,,0,48 83 EC 28 4C 8B D1 E8 ?? ?? ?? ?? 49 8B 4A 10 48 83 C0 10 48 3B C1
lua_replace,,0,48 89 5C 24 10 48 89 74 24 18 57 48 83 EC 20 8B F2 48 8B D9
lua_resume,,0,48 89 5C 24 08 48 89 74 24 10 57 48 83 EC 20 0F B6 41 0A 48 8B F9 3C 01
lua_setfenv,,0,48 89 5C 24 08 57 48 83 EC 20 48 8B D9 BF 01 00 00 00 E8 ?? ?? ?? ??
lua_setfield,,0,48 89 5C 24 08 48 89 74 24 10 57 48 83 EC 30 49 8B D8 48 8B F1
lua_sethook,,0,48 85 D2 74 05 45 85 C0 75 06 45 33 C0 41 8B D0 48 89 51 70
lua_setlocal,0x03996250|0x039962B8,2,48 89 5C 24 08 48 89 74 24 10 57 48 83 EC 20 48 63 42 74 48 8B D9
lua_setmetatable,,0,40 53 48 83 EC 20 48 8B D9 E8 ?? ?? ?? ?? 48 8B 53 10 4C 8B D0
lua_settable,0x0071E7C0,1,40 53 48 83 EC 20 48 8B D9 E8 ?? ?? ?? ?? 4C 8B 43 10 48 8B D0 48 8B CB
lua_settop,,0,85 D2 78 3F 4C 8B 41 18 4C 63 CA 48 8B 51 10 4D 03 C9 4B 8D 04 C8
lua_setupvalue,,0,40 57 48 83 EC 20 4D 63 D0 4C 8B D9 E8 ?? ?? ?? ?? 48 8B F8 83 78 08 06
lua_toboolean,,0,48 83 EC 28 E8 ?? ?? ?? ?? 8B 48 08 85 C9 74 14 83 F9 01 75 05 83 38 00
lua_tocfunction,,0,48 83 EC 28 E8 ?? ?? ?? ?? 83 78 08 06 75 12 48 8B 00 80 78 0A 00 74 09
lua_tointeger,,0,48 83 EC 38 E8 ?? ?? ?? ?? 83 78 08 03 74 17 48 8D 54 24 20 48 8B C8
lua_tolstring,0x0071F6A8|0x017ABDAC|0x036165B0,3,48 89 5C 24 08 48 89 74 24 10 57 48 83 EC 20 49 8B D8 8B F2 48 8B F9
lua_tonumber,,0,48 83 EC 38 E8 ?? ?? ?? ?? 83 78 08 03 74 1A 48 8D 54 24 20 48 8B C8
lua_topointer,0x0071F1F8,1,48 83 EC 28 44 8B D2 4C 8B D9 E8 ?? ?? ?? ?? 44 8B 48 08 41 83 E9 02
lua_tothread,,0,48 83 EC 28 E8 ?? ?? ?? ?? 83 78 08 08 74 07 33 C0 48 83 C4 28 C3
lua_touserdata,,0,48 83 EC 28 E8 ?? ?? ?? ?? 8B 48 08 83 F9 02 74 18 83 F9 07 74 07 33 C0
lua_type,,0,48 83 EC 28 E8 ?? ?? ?? ?? 48 8D 0D ?? ?? ?? ?? 48 3B C1 75 0A
lua_typename,,0,83 FA FF 75 08 48 8D 05 ?? ?? ?? ?? C3 48 63 C2 48 8D 0D ?? ?? ?? ??
lua_xmove,,0,4C 8B D2 4C 8B D9 48 3B CA 74 4F 4D 63 C8 4D 8B C1 49 C1 E0 04
lua_yield,,0,48 89 5C 24 08 57 48 83 EC 20 66 83 79 60 00 48 8B D9 48 63 FA 76 0C
luaopen_base,,0,40 53 48 83 EC 20 BA EE D8 FF FF 48 8B D9 E8 ?? ?? ?? ??
luaopen_debug,0x000F1DB0,1,48 83 EC 28 4C 8D 05 ?? ?? ?? ?? 48 8D 15 ?? ?? ?? ?? E8 ?? ?? ?? ??
luaopen_io,0x00104140,1,48 89 5C 24 08 48 89 74 24 10 57 48 83 EC 20 48 8D 15 ?? ?? ?? ??
luaopen_math,,0,40 53 48 83 EC 20 4C 8D 05 ?? ?? ?? ?? 48 8B D9 48 8D 15 ?? ?? ?? ??
luaopen_os,0x000F1DB0,1,48 83 EC 28 4C 8D 05 ?? ?? ?? ?? 48 8D 15 ?? ?? ?? ?? E8 ?? ?? ?? ??
luaopen_package,0x0039D998|0x003A3708|0x003AB430|0x003B2DE0|0x003B8AE4|0x003C1428|0x003C2CC8|0x003CDC44|0x003D18F0,9,48 89 5C 24 08 48 89 74 24 10 48 89 7C 24 18 41 56 48 83 EC 20
luaopen_string,,0,40 53 48 83 EC 20 4C 8D 05 ?? ?? ?? ?? 48 8B D9 48 8D 15 ?? ?? ?? ??
luaopen_table,0x000F1DB0,1,48 83 EC 28 4C 8D 05 ?? ?? ?? ?? 48 8D 15 ?? ?? ?? ?? E8 ?? ?? ?? ??
